-- MariaDB dump 10.19  Distrib 10.4.32-MariaDB, for Win64 (AMD64)
--
-- Host: localhost    Database: FerrySYS
-- ------------------------------------------------------
-- Server version	10.4.32-MariaDB

/*!40101 SET @OLD_CHARACTER_SET_CLIENT=@@CHARACTER_SET_CLIENT */;
/*!40101 SET @OLD_CHARACTER_SET_RESULTS=@@CHARACTER_SET_RESULTS */;
/*!40101 SET @OLD_COLLATION_CONNECTION=@@COLLATION_CONNECTION */;
/*!40101 SET NAMES utf8mb4 */;
/*!40103 SET @OLD_TIME_ZONE=@@TIME_ZONE */;
/*!40103 SET TIME_ZONE='+00:00' */;
/*!40014 SET @OLD_UNIQUE_CHECKS=@@UNIQUE_CHECKS, UNIQUE_CHECKS=0 */;
/*!40014 SET @OLD_FOREIGN_KEY_CHECKS=@@FOREIGN_KEY_CHECKS, FOREIGN_KEY_CHECKS=0 */;
/*!40101 SET @OLD_SQL_MODE=@@SQL_MODE, SQL_MODE='NO_AUTO_VALUE_ON_ZERO' */;
/*!40111 SET @OLD_SQL_NOTES=@@SQL_NOTES, SQL_NOTES=0 */;

--
-- Table structure for table `departures`
--

DROP TABLE IF EXISTS `departures`;
/*!40101 SET @saved_cs_client     = @@character_set_client */;
/*!40101 SET character_set_client = utf8 */;
CREATE TABLE `departures` (
  `DepID` int(11) NOT NULL AUTO_INCREMENT,
  `DepTime` time NOT NULL,
  `ArrTime` time NOT NULL,
  `DepPort` char(1) DEFAULT NULL,
  `Capacity` tinyint(2) DEFAULT NULL,
  `DepStatus` enum('A','I') DEFAULT 'A',
  `Date` date NOT NULL,
  PRIMARY KEY (`DepID`),
  KEY `DepPort` (`DepPort`),
  CONSTRAINT `departures_ibfk_1` FOREIGN KEY (`DepPort`) REFERENCES `ports` (`PCode`)
) ENGINE=InnoDB AUTO_INCREMENT=385 DEFAULT CHARSET=utf8mb4 COLLATE=utf8mb4_general_ci;
/*!40101 SET character_set_client = @saved_cs_client */;

--
-- Dumping data for table `departures`
--

LOCK TABLES `departures` WRITE;
/*!40000 ALTER TABLE `departures` DISABLE KEYS */;
INSERT INTO `departures` VALUES (1,'09:00:00','09:30:00','M',10,'A','2024-04-29'),(2,'09:40:00','10:10:00','I',10,'A','2024-04-29'),(3,'10:20:00','10:50:00','M',10,'A','2024-04-29'),(4,'11:00:00','11:30:00','I',10,'A','2024-04-29'),(5,'11:40:00','12:10:00','M',10,'A','2024-04-29'),(6,'12:20:00','12:50:00','I',10,'A','2024-04-29'),(7,'14:00:00','14:30:00','M',10,'A','2024-04-29'),(8,'14:40:00','15:10:00','I',10,'A','2024-04-29'),(9,'15:20:00','15:50:00','M',10,'A','2024-04-29'),(10,'16:00:00','16:30:00','I',10,'A','2024-04-29'),(11,'16:40:00','17:10:00','M',10,'A','2024-04-29'),(12,'17:20:00','17:50:00','I',10,'A','2024-04-29'),(13,'09:00:00','09:30:00','M',10,'A','2024-04-30'),(14,'09:40:00','10:10:00','I',10,'A','2024-04-30'),(15,'10:20:00','10:50:00','M',10,'A','2024-04-30'),(16,'11:00:00','11:30:00','I',10,'A','2024-04-30'),(17,'11:40:00','12:10:00','M',10,'A','2024-04-30'),(18,'12:20:00','12:50:00','I',10,'A','2024-04-30'),(19,'14:00:00','14:30:00','M',10,'A','2024-04-30'),(20,'14:40:00','15:10:00','I',10,'A','2024-04-30'),(21,'15:20:00','15:50:00','M',10,'A','2024-04-30'),(22,'16:00:00','16:30:00','I',4,'A','2024-04-30'),(23,'16:40:00','17:10:00','M',10,'A','2024-04-30'),(24,'17:20:00','17:50:00','I',10,'A','2024-04-30'),(25,'09:00:00','09:30:00','M',10,'A','2024-05-01'),(26,'09:40:00','10:10:00','I',10,'A','2024-05-01'),(27,'10:20:00','10:50:00','M',10,'A','2024-05-01'),(28,'11:00:00','11:30:00','I',10,'A','2024-05-01'),(29,'11:40:00','12:10:00','M',10,'A','2024-05-01'),(30,'12:20:00','12:50:00','I',10,'A','2024-05-01'),(31,'14:00:00','14:30:00','M',10,'A','2024-05-01'),(32,'14:40:00','15:10:00','I',10,'A','2024-05-01'),(33,'15:20:00','15:50:00','M',10,'A','2024-05-01'),(34,'16:00:00','16:30:00','I',10,'A','2024-05-01'),(35,'16:40:00','17:10:00','M',10,'A','2024-05-01'),(36,'17:20:00','17:50:00','I',7,'A','2024-05-01'),(37,'09:00:00','09:30:00','M',10,'A','2024-05-02'),(38,'09:40:00','10:10:00','I',7,'A','2024-05-02'),(39,'10:20:00','10:50:00','M',10,'A','2024-05-02'),(40,'11:00:00','11:30:00','I',10,'A','2024-05-02'),(41,'11:40:00','12:10:00','M',10,'A','2024-05-02'),(42,'12:20:00','12:50:00','I',10,'A','2024-05-02'),(43,'14:00:00','14:30:00','M',10,'A','2024-05-02'),(44,'14:40:00','15:10:00','I',10,'A','2024-05-02'),(45,'15:20:00','15:50:00','M',7,'A','2024-05-02'),(46,'16:00:00','16:30:00','I',0,'A','2024-05-02'),(47,'16:40:00','17:10:00','M',1,'A','2024-05-02'),(48,'17:20:00','17:50:00','I',9,'A','2024-05-02'),(49,'09:00:00','09:30:00','M',10,'A','2024-05-03'),(50,'09:40:00','10:10:00','I',10,'A','2024-05-03'),(51,'10:20:00','10:50:00','M',10,'A','2024-05-03'),(52,'11:00:00','11:30:00','I',10,'A','2024-05-03'),(53,'11:40:00','12:10:00','M',10,'A','2024-05-03'),(54,'12:20:00','12:50:00','I',10,'A','2024-05-03'),(55,'14:00:00','14:30:00','M',10,'A','2024-05-03'),(56,'14:40:00','15:10:00','I',10,'A','2024-05-03'),(57,'15:20:00','15:50:00','M',10,'A','2024-05-03'),(58,'16:00:00','16:30:00','I',10,'A','2024-05-03'),(59,'16:40:00','17:10:00','M',10,'A','2024-05-03'),(60,'17:20:00','17:50:00','I',10,'A','2024-05-03'),(61,'09:00:00','09:30:00','M',10,'A','2024-05-04'),(62,'09:40:00','10:10:00','I',10,'A','2024-05-04'),(63,'10:20:00','10:50:00','M',10,'A','2024-05-04'),(64,'11:00:00','11:30:00','I',10,'A','2024-05-04'),(65,'11:40:00','12:10:00','M',10,'A','2024-05-04'),(66,'12:20:00','12:50:00','I',10,'A','2024-05-04'),(67,'14:00:00','14:30:00','M',10,'A','2024-05-04'),(68,'14:40:00','15:10:00','I',10,'A','2024-05-04'),(69,'15:20:00','15:50:00','M',10,'A','2024-05-04'),(70,'16:00:00','16:30:00','I',10,'A','2024-05-04'),(71,'16:40:00','17:10:00','M',10,'A','2024-05-04'),(72,'17:20:00','17:50:00','I',10,'A','2024-05-04'),(73,'09:00:00','09:30:00','M',10,'A','2024-05-05'),(74,'09:40:00','10:10:00','I',10,'A','2024-05-05'),(75,'10:20:00','10:50:00','M',10,'A','2024-05-05'),(76,'11:00:00','11:30:00','I',10,'A','2024-05-05'),(77,'11:40:00','12:10:00','M',10,'A','2024-05-05'),(78,'12:20:00','12:50:00','I',10,'A','2024-05-05'),(79,'14:00:00','14:30:00','M',10,'A','2024-05-05'),(80,'14:40:00','15:10:00','I',10,'A','2024-05-05'),(81,'15:20:00','15:50:00','M',10,'A','2024-05-05'),(82,'16:00:00','16:30:00','I',10,'A','2024-05-05'),(83,'16:40:00','17:10:00','M',10,'A','2024-05-05'),(84,'17:20:00','17:50:00','I',10,'A','2024-05-05'),(85,'09:00:00','09:30:00','M',10,'A','2024-05-06'),(86,'09:40:00','10:10:00','I',10,'A','2024-05-06'),(87,'10:20:00','10:50:00','M',10,'A','2024-05-06'),(88,'11:00:00','11:30:00','I',10,'A','2024-05-06'),(89,'11:40:00','12:10:00','M',10,'A','2024-05-06'),(90,'12:20:00','12:50:00','I',10,'A','2024-05-06'),(91,'14:00:00','14:30:00','M',10,'A','2024-05-06'),(92,'14:40:00','15:10:00','I',10,'A','2024-05-06'),(93,'15:20:00','15:50:00','M',10,'A','2024-05-06'),(94,'16:00:00','16:30:00','I',10,'A','2024-05-06'),(95,'16:40:00','17:10:00','M',10,'A','2024-05-06'),(96,'17:20:00','17:50:00','I',10,'A','2024-05-06'),(97,'09:00:00','09:30:00','M',10,'A','2024-05-07'),(98,'09:40:00','10:10:00','I',10,'A','2024-05-07'),(99,'10:20:00','10:50:00','M',10,'A','2024-05-07'),(100,'11:00:00','11:30:00','I',10,'A','2024-05-07'),(101,'11:40:00','12:10:00','M',10,'A','2024-05-07'),(102,'12:20:00','12:50:00','I',10,'A','2024-05-07'),(103,'14:00:00','14:30:00','M',10,'A','2024-05-07'),(104,'14:40:00','15:10:00','I',10,'A','2024-05-07'),(105,'15:20:00','15:50:00','M',10,'A','2024-05-07'),(106,'16:00:00','16:30:00','I',10,'A','2024-05-07'),(107,'16:40:00','17:10:00','M',10,'A','2024-05-07'),(108,'17:20:00','17:50:00','I',10,'A','2024-05-07'),(109,'09:00:00','09:30:00','M',10,'A','2024-05-08'),(110,'09:40:00','10:10:00','I',10,'A','2024-05-08'),(111,'10:20:00','10:50:00','M',10,'A','2024-05-08'),(112,'11:00:00','11:30:00','I',10,'A','2024-05-08'),(113,'11:40:00','12:10:00','M',10,'A','2024-05-08'),(114,'12:20:00','12:50:00','I',10,'A','2024-05-08'),(115,'14:00:00','14:30:00','M',10,'A','2024-05-08'),(116,'14:40:00','15:10:00','I',10,'A','2024-05-08'),(117,'15:20:00','15:50:00','M',10,'A','2024-05-08'),(118,'16:00:00','16:30:00','I',10,'A','2024-05-08'),(119,'16:40:00','17:10:00','M',10,'A','2024-05-08'),(120,'17:20:00','17:50:00','I',10,'A','2024-05-08'),(121,'09:00:00','09:30:00','M',10,'A','2024-05-09'),(122,'09:40:00','10:10:00','I',10,'A','2024-05-09'),(123,'10:20:00','10:50:00','M',10,'A','2024-05-09'),(124,'11:00:00','11:30:00','I',10,'A','2024-05-09'),(125,'11:40:00','12:10:00','M',10,'A','2024-05-09'),(126,'12:20:00','12:50:00','I',10,'A','2024-05-09'),(127,'14:00:00','14:30:00','M',10,'A','2024-05-09'),(128,'14:40:00','15:10:00','I',10,'A','2024-05-09'),(129,'15:20:00','15:50:00','M',10,'A','2024-05-09'),(130,'16:00:00','16:30:00','I',10,'A','2024-05-09'),(131,'16:40:00','17:10:00','M',10,'A','2024-05-09'),(132,'17:20:00','17:50:00','I',10,'A','2024-05-09'),(133,'09:00:00','09:30:00','M',10,'A','2024-05-10'),(134,'09:40:00','10:10:00','I',10,'A','2024-05-10'),(135,'10:20:00','10:50:00','M',10,'A','2024-05-10'),(136,'11:00:00','11:30:00','I',10,'A','2024-05-10'),(137,'11:40:00','12:10:00','M',10,'A','2024-05-10'),(138,'12:20:00','12:50:00','I',10,'A','2024-05-10'),(139,'14:00:00','14:30:00','M',10,'A','2024-05-10'),(140,'14:40:00','15:10:00','I',10,'A','2024-05-10'),(141,'15:20:00','15:50:00','M',10,'A','2024-05-10'),(142,'16:00:00','16:30:00','I',10,'A','2024-05-10'),(143,'16:40:00','17:10:00','M',10,'A','2024-05-10'),(144,'17:20:00','17:50:00','I',10,'A','2024-05-10'),(145,'09:00:00','09:30:00','M',10,'A','2024-05-11'),(146,'09:40:00','10:10:00','I',10,'A','2024-05-11'),(147,'10:20:00','10:50:00','M',10,'A','2024-05-11'),(148,'11:00:00','11:30:00','I',10,'A','2024-05-11'),(149,'11:40:00','12:10:00','M',10,'A','2024-05-11'),(150,'12:20:00','12:50:00','I',10,'A','2024-05-11'),(151,'14:00:00','14:30:00','M',10,'A','2024-05-11'),(152,'14:40:00','15:10:00','I',10,'A','2024-05-11'),(153,'15:20:00','15:50:00','M',10,'A','2024-05-11'),(154,'16:00:00','16:30:00','I',10,'A','2024-05-11'),(155,'16:40:00','17:10:00','M',10,'A','2024-05-11'),(156,'17:20:00','17:50:00','I',10,'A','2024-05-11'),(157,'09:00:00','09:30:00','M',10,'A','2024-05-12'),(158,'09:40:00','10:10:00','I',10,'A','2024-05-12'),(159,'10:20:00','10:50:00','M',10,'A','2024-05-12'),(160,'11:00:00','11:30:00','I',10,'A','2024-05-12'),(161,'11:40:00','12:10:00','M',10,'A','2024-05-12'),(162,'12:20:00','12:50:00','I',10,'A','2024-05-12'),(163,'14:00:00','14:30:00','M',10,'A','2024-05-12'),(164,'14:40:00','15:10:00','I',10,'A','2024-05-12'),(165,'15:20:00','15:50:00','M',10,'A','2024-05-12'),(166,'16:00:00','16:30:00','I',10,'A','2024-05-12'),(167,'16:40:00','17:10:00','M',10,'A','2024-05-12'),(168,'17:20:00','17:50:00','I',10,'A','2024-05-12'),(169,'09:00:00','09:30:00','M',10,'A','2024-05-13'),(170,'09:40:00','10:10:00','I',10,'A','2024-05-13'),(171,'10:20:00','10:50:00','M',10,'A','2024-05-13'),(172,'11:00:00','11:30:00','I',10,'A','2024-05-13'),(173,'11:40:00','12:10:00','M',10,'A','2024-05-13'),(174,'12:20:00','12:50:00','I',10,'A','2024-05-13'),(175,'14:00:00','14:30:00','M',10,'A','2024-05-13'),(176,'14:40:00','15:10:00','I',10,'A','2024-05-13'),(177,'15:20:00','15:50:00','M',10,'A','2024-05-13'),(178,'16:00:00','16:30:00','I',10,'A','2024-05-13'),(179,'16:40:00','17:10:00','M',10,'A','2024-05-13'),(180,'17:20:00','17:50:00','I',10,'A','2024-05-13'),(181,'09:00:00','09:30:00','M',10,'A','2024-05-14'),(182,'09:40:00','10:10:00','I',10,'A','2024-05-14'),(183,'10:20:00','10:50:00','M',10,'A','2024-05-14'),(184,'11:00:00','11:30:00','I',10,'A','2024-05-14'),(185,'11:40:00','12:10:00','M',10,'A','2024-05-14'),(186,'12:20:00','12:50:00','I',10,'A','2024-05-14'),(187,'14:00:00','14:30:00','M',10,'A','2024-05-14'),(188,'14:40:00','15:10:00','I',10,'A','2024-05-14'),(189,'15:20:00','15:50:00','M',10,'A','2024-05-14'),(190,'16:00:00','16:30:00','I',10,'A','2024-05-14'),(191,'16:40:00','17:10:00','M',10,'A','2024-05-14'),(192,'17:20:00','17:50:00','I',10,'A','2024-05-14'),(193,'09:00:00','09:30:00','M',10,'A','2024-05-15'),(194,'09:40:00','10:10:00','I',10,'A','2024-05-15'),(195,'10:20:00','10:50:00','M',10,'A','2024-05-15'),(196,'11:00:00','11:30:00','I',10,'A','2024-05-15'),(197,'11:40:00','12:10:00','M',10,'A','2024-05-15'),(198,'12:20:00','12:50:00','I',10,'A','2024-05-15'),(199,'14:00:00','14:30:00','M',10,'A','2024-05-15'),(200,'14:40:00','15:10:00','I',10,'A','2024-05-15'),(201,'15:20:00','15:50:00','M',10,'A','2024-05-15'),(202,'16:00:00','16:30:00','I',10,'A','2024-05-15'),(203,'16:40:00','17:10:00','M',10,'A','2024-05-15'),(204,'17:20:00','17:50:00','I',10,'A','2024-05-15'),(205,'09:00:00','09:30:00','M',10,'A','2024-05-16'),(206,'09:40:00','10:10:00','I',10,'A','2024-05-16'),(207,'10:20:00','10:50:00','M',10,'A','2024-05-16'),(208,'11:00:00','11:30:00','I',10,'A','2024-05-16'),(209,'11:40:00','12:10:00','M',10,'A','2024-05-16'),(210,'12:20:00','12:50:00','I',10,'A','2024-05-16'),(211,'14:00:00','14:30:00','M',10,'A','2024-05-16'),(212,'14:40:00','15:10:00','I',10,'A','2024-05-16'),(213,'15:20:00','15:50:00','M',10,'A','2024-05-16'),(214,'16:00:00','16:30:00','I',10,'A','2024-05-16'),(215,'16:40:00','17:10:00','M',10,'A','2024-05-16'),(216,'17:20:00','17:50:00','I',10,'A','2024-05-16'),(217,'09:00:00','09:30:00','M',10,'A','2024-05-17'),(218,'09:40:00','10:10:00','I',10,'A','2024-05-17'),(219,'10:20:00','10:50:00','M',10,'A','2024-05-17'),(220,'11:00:00','11:30:00','I',10,'A','2024-05-17'),(221,'11:40:00','12:10:00','M',10,'A','2024-05-17'),(222,'12:20:00','12:50:00','I',10,'A','2024-05-17'),(223,'14:00:00','14:30:00','M',10,'A','2024-05-17'),(224,'14:40:00','15:10:00','I',10,'A','2024-05-17'),(225,'15:20:00','15:50:00','M',10,'A','2024-05-17'),(226,'16:00:00','16:30:00','I',10,'A','2024-05-17'),(227,'16:40:00','17:10:00','M',10,'A','2024-05-17'),(228,'17:20:00','17:50:00','I',10,'A','2024-05-17'),(229,'09:00:00','09:30:00','M',10,'A','2024-05-18'),(230,'09:40:00','10:10:00','I',10,'A','2024-05-18'),(231,'10:20:00','10:50:00','M',10,'A','2024-05-18'),(232,'11:00:00','11:30:00','I',10,'A','2024-05-18'),(233,'11:40:00','12:10:00','M',10,'A','2024-05-18'),(234,'12:20:00','12:50:00','I',10,'A','2024-05-18'),(235,'14:00:00','14:30:00','M',10,'A','2024-05-18'),(236,'14:40:00','15:10:00','I',10,'A','2024-05-18'),(237,'15:20:00','15:50:00','M',10,'A','2024-05-18'),(238,'16:00:00','16:30:00','I',10,'A','2024-05-18'),(239,'16:40:00','17:10:00','M',10,'A','2024-05-18'),(240,'17:20:00','17:50:00','I',10,'A','2024-05-18'),(241,'09:00:00','09:30:00','M',10,'A','2024-05-19'),(242,'09:40:00','10:10:00','I',10,'A','2024-05-19'),(243,'10:20:00','10:50:00','M',10,'A','2024-05-19'),(244,'11:00:00','11:30:00','I',10,'A','2024-05-19'),(245,'11:40:00','12:10:00','M',10,'A','2024-05-19'),(246,'12:20:00','12:50:00','I',10,'A','2024-05-19'),(247,'14:00:00','14:30:00','M',10,'A','2024-05-19'),(248,'14:40:00','15:10:00','I',10,'A','2024-05-19'),(249,'15:20:00','15:50:00','M',10,'A','2024-05-19'),(250,'16:00:00','16:30:00','I',10,'A','2024-05-19'),(251,'16:40:00','17:10:00','M',10,'A','2024-05-19'),(252,'17:20:00','17:50:00','I',10,'A','2024-05-19'),(253,'09:00:00','09:30:00','M',10,'A','2024-05-20'),(254,'09:40:00','10:10:00','I',10,'A','2024-05-20'),(255,'10:20:00','10:50:00','M',10,'A','2024-05-20'),(256,'11:00:00','11:30:00','I',10,'A','2024-05-20'),(257,'11:40:00','12:10:00','M',10,'A','2024-05-20'),(258,'12:20:00','12:50:00','I',10,'A','2024-05-20'),(259,'14:00:00','14:30:00','M',10,'A','2024-05-20'),(260,'14:40:00','15:10:00','I',10,'A','2024-05-20'),(261,'15:20:00','15:50:00','M',10,'A','2024-05-20'),(262,'16:00:00','16:30:00','I',10,'A','2024-05-20'),(263,'16:40:00','17:10:00','M',10,'A','2024-05-20'),(264,'17:20:00','17:50:00','I',10,'A','2024-05-20'),(265,'09:00:00','09:30:00','M',10,'A','2024-05-21'),(266,'09:40:00','10:10:00','I',10,'A','2024-05-21'),(267,'10:20:00','10:50:00','M',10,'A','2024-05-21'),(268,'11:00:00','11:30:00','I',10,'A','2024-05-21'),(269,'11:40:00','12:10:00','M',10,'A','2024-05-21'),(270,'12:20:00','12:50:00','I',10,'A','2024-05-21'),(271,'14:00:00','14:30:00','M',10,'A','2024-05-21'),(272,'14:40:00','15:10:00','I',10,'A','2024-05-21'),(273,'15:20:00','15:50:00','M',10,'A','2024-05-21'),(274,'16:00:00','16:30:00','I',10,'A','2024-05-21'),(275,'16:40:00','17:10:00','M',10,'A','2024-05-21'),(276,'17:20:00','17:50:00','I',10,'A','2024-05-21'),(277,'09:00:00','09:30:00','M',10,'A','2024-05-22'),(278,'09:40:00','10:10:00','I',10,'A','2024-05-22'),(279,'10:20:00','10:50:00','M',10,'A','2024-05-22'),(280,'11:00:00','11:30:00','I',10,'A','2024-05-22'),(281,'11:40:00','12:10:00','M',10,'A','2024-05-22'),(282,'12:20:00','12:50:00','I',10,'A','2024-05-22'),(283,'14:00:00','14:30:00','M',10,'A','2024-05-22'),(284,'14:40:00','15:10:00','I',10,'A','2024-05-22'),(285,'15:20:00','15:50:00','M',10,'A','2024-05-22'),(286,'16:00:00','16:30:00','I',10,'A','2024-05-22'),(287,'16:40:00','17:10:00','M',10,'A','2024-05-22'),(288,'17:20:00','17:50:00','I',10,'A','2024-05-22'),(289,'09:00:00','09:30:00','M',10,'A','2024-05-23'),(290,'09:40:00','10:10:00','I',10,'A','2024-05-23'),(291,'10:20:00','10:50:00','M',10,'A','2024-05-23'),(292,'11:00:00','11:30:00','I',10,'A','2024-05-23'),(293,'11:40:00','12:10:00','M',10,'A','2024-05-23'),(294,'12:20:00','12:50:00','I',10,'A','2024-05-23'),(295,'14:00:00','14:30:00','M',10,'A','2024-05-23'),(296,'14:40:00','15:10:00','I',10,'A','2024-05-23'),(297,'15:20:00','15:50:00','M',10,'A','2024-05-23'),(298,'16:00:00','16:30:00','I',10,'A','2024-05-23'),(299,'16:40:00','17:10:00','M',10,'A','2024-05-23'),(300,'17:20:00','17:50:00','I',10,'A','2024-05-23'),(301,'09:00:00','09:30:00','M',10,'A','2024-05-24'),(302,'09:40:00','10:10:00','I',10,'A','2024-05-24'),(303,'10:20:00','10:50:00','M',10,'A','2024-05-24'),(304,'11:00:00','11:30:00','I',10,'A','2024-05-24'),(305,'11:40:00','12:10:00','M',10,'A','2024-05-24'),(306,'12:20:00','12:50:00','I',10,'A','2024-05-24'),(307,'14:00:00','14:30:00','M',10,'A','2024-05-24'),(308,'14:40:00','15:10:00','I',10,'A','2024-05-24'),(309,'15:20:00','15:50:00','M',10,'A','2024-05-24'),(310,'16:00:00','16:30:00','I',10,'A','2024-05-24'),(311,'16:40:00','17:10:00','M',10,'A','2024-05-24'),(312,'17:20:00','17:50:00','I',10,'A','2024-05-24'),(313,'09:00:00','09:30:00','M',10,'A','2024-05-25'),(314,'09:40:00','10:10:00','I',10,'A','2024-05-25'),(315,'10:20:00','10:50:00','M',10,'A','2024-05-25'),(316,'11:00:00','11:30:00','I',10,'A','2024-05-25'),(317,'11:40:00','12:10:00','M',10,'A','2024-05-25'),(318,'12:20:00','12:50:00','I',10,'A','2024-05-25'),(319,'14:00:00','14:30:00','M',10,'A','2024-05-25'),(320,'14:40:00','15:10:00','I',10,'A','2024-05-25'),(321,'15:20:00','15:50:00','M',10,'A','2024-05-25'),(322,'16:00:00','16:30:00','I',10,'A','2024-05-25'),(323,'16:40:00','17:10:00','M',10,'A','2024-05-25'),(324,'17:20:00','17:50:00','I',10,'A','2024-05-25'),(325,'09:00:00','09:30:00','M',10,'A','2024-05-26'),(326,'09:40:00','10:10:00','I',10,'A','2024-05-26'),(327,'10:20:00','10:50:00','M',10,'A','2024-05-26'),(328,'11:00:00','11:30:00','I',10,'A','2024-05-26'),(329,'11:40:00','12:10:00','M',10,'A','2024-05-26'),(330,'12:20:00','12:50:00','I',10,'A','2024-05-26'),(331,'14:00:00','14:30:00','M',10,'A','2024-05-26'),(332,'14:40:00','15:10:00','I',10,'A','2024-05-26'),(333,'15:20:00','15:50:00','M',10,'A','2024-05-26'),(334,'16:00:00','16:30:00','I',10,'A','2024-05-26'),(335,'16:40:00','17:10:00','M',10,'A','2024-05-26'),(336,'17:20:00','17:50:00','I',10,'A','2024-05-26'),(337,'09:00:00','09:30:00','M',10,'A','2024-05-27'),(338,'09:40:00','10:10:00','I',10,'A','2024-05-27'),(339,'10:20:00','10:50:00','M',10,'A','2024-05-27'),(340,'11:00:00','11:30:00','I',10,'A','2024-05-27'),(341,'11:40:00','12:10:00','M',10,'A','2024-05-27'),(342,'12:20:00','12:50:00','I',10,'A','2024-05-27'),(343,'14:00:00','14:30:00','M',10,'A','2024-05-27'),(344,'14:40:00','15:10:00','I',10,'A','2024-05-27'),(345,'15:20:00','15:50:00','M',10,'A','2024-05-27'),(346,'16:00:00','16:30:00','I',10,'A','2024-05-27'),(347,'16:40:00','17:10:00','M',10,'A','2024-05-27'),(348,'17:20:00','17:50:00','I',10,'A','2024-05-27'),(349,'09:00:00','09:30:00','M',10,'A','2024-05-28'),(350,'09:40:00','10:10:00','I',10,'A','2024-05-28'),(351,'10:20:00','10:50:00','M',10,'A','2024-05-28'),(352,'11:00:00','11:30:00','I',10,'A','2024-05-28'),(353,'11:40:00','12:10:00','M',10,'A','2024-05-28'),(354,'12:20:00','12:50:00','I',10,'A','2024-05-28'),(355,'14:00:00','14:30:00','M',10,'A','2024-05-28'),(356,'14:40:00','15:10:00','I',10,'A','2024-05-28'),(357,'15:20:00','15:50:00','M',10,'A','2024-05-28'),(358,'16:00:00','16:30:00','I',10,'A','2024-05-28'),(359,'16:40:00','17:10:00','M',10,'A','2024-05-28'),(360,'17:20:00','17:50:00','I',10,'A','2024-05-28'),(361,'09:00:00','09:30:00','M',10,'A','2024-05-29'),(362,'09:40:00','10:10:00','I',10,'A','2024-05-29'),(363,'10:20:00','10:50:00','M',10,'A','2024-05-29'),(364,'11:00:00','11:30:00','I',10,'A','2024-05-29'),(365,'11:40:00','12:10:00','M',10,'A','2024-05-29'),(366,'12:20:00','12:50:00','I',10,'A','2024-05-29'),(367,'14:00:00','14:30:00','M',10,'A','2024-05-29'),(368,'14:40:00','15:10:00','I',10,'A','2024-05-29'),(369,'15:20:00','15:50:00','M',10,'A','2024-05-29'),(370,'16:00:00','16:30:00','I',10,'A','2024-05-29'),(371,'16:40:00','17:10:00','M',10,'A','2024-05-29'),(372,'17:20:00','17:50:00','I',10,'A','2024-05-29'),(373,'09:00:00','09:30:00','M',10,'A','2024-05-30'),(374,'09:40:00','10:10:00','I',10,'A','2024-05-30'),(375,'10:20:00','10:50:00','M',10,'A','2024-05-30'),(376,'11:00:00','11:30:00','I',10,'A','2024-05-30'),(377,'11:40:00','12:10:00','M',10,'A','2024-05-30'),(378,'12:20:00','12:50:00','I',10,'A','2024-05-30'),(379,'14:00:00','14:30:00','M',10,'A','2024-05-30'),(380,'14:40:00','15:10:00','I',10,'A','2024-05-30'),(381,'15:20:00','15:50:00','M',9,'A','2024-05-30'),(382,'16:00:00','16:30:00','I',10,'A','2024-05-30'),(383,'16:40:00','17:10:00','M',10,'A','2024-05-30'),(384,'17:20:00','17:50:00','I',10,'A','2024-05-30');
/*!40000 ALTER TABLE `departures` ENABLE KEYS */;
UNLOCK TABLES;

--
-- Table structure for table `ports`
--

DROP TABLE IF EXISTS `ports`;
/*!40101 SET @saved_cs_client     = @@character_set_client */;
/*!40101 SET character_set_client = utf8 */;
CREATE TABLE `ports` (
  `PCode` char(1) NOT NULL,
  `PName` varchar(20) DEFAULT NULL,
  PRIMARY KEY (`PCode`)
) ENGINE=InnoDB DEFAULT CHARSET=utf8mb4 COLLATE=utf8mb4_general_ci;
/*!40101 SET character_set_client = @saved_cs_client */;

--
-- Dumping data for table `ports`
--

LOCK TABLES `ports` WRITE;
/*!40000 ALTER TABLE `ports` DISABLE KEYS */;
INSERT INTO `ports` VALUES ('I','Island'),('M','Mainland');
/*!40000 ALTER TABLE `ports` ENABLE KEYS */;
UNLOCK TABLES;

--
-- Table structure for table `tickets`
--

DROP TABLE IF EXISTS `tickets`;
/*!40101 SET @saved_cs_client     = @@character_set_client */;
/*!40101 SET character_set_client = utf8 */;
CREATE TABLE `tickets` (
  `TCode` int(11) NOT NULL AUTO_INCREMENT,
  `TDate` date NOT NULL,
  `TTime` time NOT NULL,
  `VCode` char(2) NOT NULL,
  `SalePrice` decimal(5,2) DEFAULT NULL,
  `DepID` int(11) NOT NULL,
  PRIMARY KEY (`TCode`),
  KEY `VCode` (`VCode`),
  KEY `DepID` (`DepID`),
  CONSTRAINT `tickets_ibfk_1` FOREIGN KEY (`VCode`) REFERENCES `vehicletypes` (`VCode`),
  CONSTRAINT `tickets_ibfk_2` FOREIGN KEY (`DepID`) REFERENCES `departures` (`DepID`)
) ENGINE=InnoDB AUTO_INCREMENT=15 DEFAULT CHARSET=utf8mb4 COLLATE=utf8mb4_general_ci;
/*!40101 SET character_set_client = @saved_cs_client */;

--
-- Dumping data for table `tickets`
--

LOCK TABLES `tickets` WRITE;
/*!40000 ALTER TABLE `tickets` DISABLE KEYS */;
INSERT INTO `tickets` VALUES (1,'2024-04-30','20:38:45','CH',12.00,22),(2,'2024-04-30','20:41:15','CH',12.00,46),(3,'2024-04-30','20:41:25','CH',12.00,22),(4,'2024-04-30','20:41:36','CH',12.00,46),(5,'2024-04-30','20:41:52','CH',12.00,46),(6,'2024-04-30','21:21:01','CR',70.00,381),(7,'2024-04-30','21:31:59','CH',12.00,36),(8,'2024-04-30','21:34:34','CH',12.00,47),(9,'2024-04-30','21:34:54','CH',12.00,47),(10,'2024-04-30','21:35:12','CH',12.00,47),(11,'2024-04-30','21:35:27','CH',12.00,45),(12,'2024-04-30','21:35:44','CR',70.00,46),(13,'2024-04-30','21:38:18','CH',12.00,38),(14,'2024-04-30','21:57:54','CR',70.00,48);
/*!40000 ALTER TABLE `tickets` ENABLE KEYS */;
UNLOCK TABLES;

--
-- Table structure for table `vehicletypes`
--

DROP TABLE IF EXISTS `vehicletypes`;
/*!40101 SET @saved_cs_client     = @@character_set_client */;
/*!40101 SET character_set_client = utf8 */;
CREATE TABLE `vehicletypes` (
  `VCode` char(2) NOT NULL,
  `VDescription` varchar(25) NOT NULL,
  `Price` decimal(5,2) DEFAULT NULL CHECK (`Price` >= 0.00),
  `Units` tinyint(4) NOT NULL,
  `VStatus` enum('A','U') NOT NULL,
  PRIMARY KEY (`VCode`)
) ENGINE=InnoDB DEFAULT CHARSET=utf8mb4 COLLATE=utf8mb4_general_ci;
/*!40101 SET character_set_client = @saved_cs_client */;

--
-- Dumping data for table `vehicletypes`
--

LOCK TABLES `vehicletypes` WRITE;
/*!40000 ALTER TABLE `vehicletypes` DISABLE KEYS */;
INSERT INTO `vehicletypes` VALUES ('CH','Coach',12.00,3,'A'),('CR','Car',70.00,1,'A'),('LR','Lorry',95.00,3,'A'),('VN','Van',75.50,2,'A');
/*!40000 ALTER TABLE `vehicletypes` ENABLE KEYS */;
UNLOCK TABLES;
/*!40103 SET TIME_ZONE=@OLD_TIME_ZONE */;

/*!40101 SET SQL_MODE=@OLD_SQL_MODE */;
/*!40014 SET FOREIGN_KEY_CHECKS=@OLD_FOREIGN_KEY_CHECKS */;
/*!40014 SET UNIQUE_CHECKS=@OLD_UNIQUE_CHECKS */;
/*!40101 SET CHARACTER_SET_CLIENT=@OLD_CHARACTER_SET_CLIENT */;
/*!40101 SET CHARACTER_SET_RESULTS=@OLD_CHARACTER_SET_RESULTS */;
/*!40101 SET COLLATION_CONNECTION=@OLD_COLLATION_CONNECTION */;
/*!40111 SET SQL_NOTES=@OLD_SQL_NOTES */;

-- Dump completed on 2024-04-30 21:59:07
